Date and Time,Payment,Info,Satus,Value,
24/02/2025 12:38,Account,Virgin Exp E9698275 ERJY,,62,
24/02/2025 12:39,Account,Virgin Exp E9810759 5WY7,,62,
24/02/2025 12:45,Account,Virgin Exp E10459283 4HP6,,62,
24/02/2025 13:10,Account,Virgin Exp E9787172 KGT5,,62,
24/02/2025 13:11,Account,Virgin Exp 8410188 7TNA,,62,
24/02/2025 13:12,Account,Virgin Exp E921164 8XLX,,62,correct SN: E9921164 
24/02/2025 13:26,Account,Virgin Exp 8045440 6UZ8,,62,
24/02/2025 13:26,Account,Virgin Exp E10494353 Q6P2,,62,
24/02/2025 13:27,Account,Virgin Exp M8496436 URVP,,68,
24/02/2025 13:28,Account,Virgin Exp 8123976 D749,,62,
24/02/2025 13:29,Account,Virgin Exp E9506006 R8WB,,62,
24/02/2025 13:29,Account,Virgin Exp E9615570 H724,,62,
24/02/2025 13:30,Account,Virgin Exp E10226775 575Y,,62,
24/02/2025 13:57,Account,Virgin Exp E10501503 AWXM,,62,
24/02/2025 14:13,Account,Virgin Exp E9678686 T827,,62,
24/02/2025 14:14,Account,Virgin Exp E9346995 PTYD,,62,
24/02/2025 14:18,Account,Virgin Exp 8219736 546R,,62,
24/02/2025 14:37,Account,Virgin Exp E961560 NMC3,,62,correct SN: E9601560 
24/02/2025 14:46,Account,Virgin Exp E9667763 GS8C,,62,
24/02/2025 14:47,Account,Virgin Exp E9960416 GFY6,,62,
25/02/2025 13:22,Account,Virgin Exp E10536761  7VVB,,62,
25/02/2025 13:22,Account,Virgin Exp E9942628  WVLJ,,62,
25/02/2025 13:23,Account,Virgin Exp 8024459  K473,,62,
25/02/2025 13:36,Account,Virgin Exp E9737321  NGW3,,62,
25/02/2025 13:46,Account,Virgin Exp E9435514 SW67,,62,
25/02/2025 14:05,Account,Virgin Exp E10542141  LPCH,,62,
25/02/2025 14:18,Account,Virgin Exp 8054138  E5XA,,62,
25/02/2025 14:21,Account,Virgin Exp E10430885  A5R2,,70,
25/02/2025 15:08,Account,Virgin Exp E9803613  2Y5L,,62,
25/02/2025 15:47,Account,Virgin Exp E9333610 K5R7,,70,
26/02/2025 12:23,Account,Virgin Exp E10488101  GUDP,,62,
26/02/2025 12:24,Account,Virgin Exp 8230689  Q5U6,,62,
26/02/2025 12:24,Account,Virgin Exp E40470290  LXPM,,62,correct SN: E10470290  
26/02/2025 12:25,Account,Virgin Exp E10548380  7AMF,,68,
26/02/2025 13:19,Account,Virgin Exp E1058064  QG62,,68,correct SN: E10580645
26/02/2025 13:21,Account,Virgin Exp 8296142  272A,,62,
26/02/2025 13:21,Account,Virgin Exp 8417596  2742,,62,
26/02/2025 13:38,Account,Virgin Exp E9349969  MRTQ,,62,
26/02/2025 13:39,Account,Virgin Exp 8089594  65L8,,62,
26/02/2025 13:54,Account,Virgin Exp E10521697  AX27,,62,
26/02/2025 13:59,Account,Virgin Exp 8484396  7TER,,68,
26/02/2025 14:38,Account,Virgin Exp E10422072  56T2,,62,
26/02/2025 14:51,Account,Virgin Exp E10619291  4GEU,,62,
27/02/2025 13:05,Account,Virgin Exp 8397686  X7M9,,62,
27/02/2025 13:05,Account,Virgin Exp E10547219  G2BR,,62,
27/02/2025 13:30,Account,Virgin Exp E10217887  DQF4,,62,correct SN: E10327887
27/02/2025 14:13,Account,Virgin Exp E9360865 SPEK,,70,
27/02/2025 15:05,Account,Virgin Exp E9343564 UWJ4,,70,
27/02/2025 15:52,Account,Virgin Exp E9391774  8PQ7,,70,
27/02/2025 18:33,Account,Virgin Exp 8121839  93AU,,130,
28/02/2025 12:59,Account,Virgin Exp E10615296 F3RK,,68,
28/02/2025 13:00,Account,Virgin Exp E10459863 2XMH,,62,
28/02/2025 13:01,Account,Virgin Exp E10481953 GEBS,,75,
28/02/2025 13:06,Account,Virgin Exp E7506091 3GHW,,62,
28/02/2025 13:08,Account,Virgin Exp E10346358 CJ76,,62,
28/02/2025 13:09,Account,Virgin Exp E9450321 KP8S,,70,
28/02/2025 13:11,Account,Virgin Exp E10603715 4LEN,,70,
28/02/2025 13:25,Account,Virgin Exp 8213069 42QZ,,62,
28/02/2025 14:28,Account,Virgin Exp 8160404 7MTQ,,70,
28/02/2025 14:29,Account,Virgin Exp 8301961 GY2F,,62,
28/02/2025 14:51,Account,Virgin Exp E10317519 XUTU,,70,
28/02/2025 15:29,Account,Virgin Exp E9897877 W55B,,70,
28/02/2025 21:07,Account,Virgin E9448035 BQT7,,130,
01/03/2025 16:05,Account,Virgin EXP E960925 BJTA,,70,correct SN: E9609225
03/03/2025 13:10,Account,Virgin Exp E9441594 P24G,,62,
03/03/2025 13:11,Account,Virgin Exp 8038411 88L4,,62,
03/03/2025 13:13,Account,Virgin Exp 8230928 2492,,62,
03/03/2025 13:13,Account,Virgin Exp E10001817 8UL3,,62,
03/03/2025 13:14,Account,Virgin Exp E9962121 PRJJ,,62,
03/03/2025 13:15,Account,Virgin Exp M8233633 XCUY,,62,
03/03/2025 13:37,Account,Virgin Exp E9408298 RMVS,,62,
03/03/2025 13:39,Account,Virgin Exp E9875189 XQCC,,62,
03/03/2025 14:08,Account,Virgin Exp 8103803 64S5,,62,
03/03/2025 14:10,Account,Virgin Exp M8055668 45P8,,62,
03/03/2025 14:11,Account,Virgin Exp E10128356 KXJE,,70,
03/03/2025 14:12,Account,Virgin Exp E10481070 2CF5,,62,
03/03/2025 15:11,Account,Virgin Exp E10363692 2NGY,,70,
03/03/2025 16:08,Account,Virgin Exp 8421743 L7WU,,70,
03/03/2025 16:15,Account,Virgin EXP E9927344 P658,,62,
03/03/2025 16:16,Account,Virgin EXP E9927343 KENH,,62,
04/03/2025 12:27,Account,Virgin E10440433 HHW4,,62,
04/03/2025 12:28,Account,Virgin E10385048 747S,,62,
04/03/2025 12:30,Account,Virgin E9882589 456V,,62,
04/03/2025 12:49,Account,Virgin E9397545 G6CB,,62,correct SN:E9397547
04/03/2025 13:43,Account,Virgin C8164190 Q9TC,,62,
04/03/2025 13:45,Account,Virgin E10580212 GW6N,,62, correct SN:8154629
04/03/2025 13:52,Account,Virgin E8154629 FVWK,,62,
04/03/2025 14:33,Account,Virgin Exp E10535280 5TP7,,62,
05/03/2025 12:22,Account,Virgin Exp E9962905  QHAK,,62,
05/03/2025 12:37,Account,Virgin Exp E10333542  FF4W,,62,
05/03/2025 13:03,Account,Virgin Exp E10587521  556P,,62,
05/03/2025 13:14,Account,Virgin Exp E9458308  B5MY,,62,
05/03/2025 13:17,Account,Virgin Exp E10617481  2VF7,,68,
05/03/2025 13:17,Account,Virgin Exp E9678088  LG8D,,62,
05/03/2025 14:06,Account,Virgin Exp E9845177  XT25,,62,
05/03/2025 14:37,Account,Virgin Exp E10548519  FULV,,62,
05/03/2025 14:50,Account,Virgin Exp E9576339  NWDE,,62,
05/03/2025 15:02,Account,Virgin Exp E10558480  GJUX,,62,
05/03/2025 15:48,Account,Virgin EXP E9680313  PIN YWUT ,,70,
06/03/2025 12:58,Account,Virgin EXP E10552021 KMJH,,68,correct PIN:XWWV
06/03/2025 13:13,Account,VirginEXP E9259699 XWWW,,62,
06/03/2025 14:53,Account,Virgin Exp 8479019  D9RE,,75,
07/03/2025 12:47,Account,Virgin Exp E9814281 BYVM,,62,
07/03/2025 12:59,Account,Virgin Exp E9841007 6NC5,,70,
07/03/2025 13:01,Account,Virgin Exp E10520982 FYLX,,75,
07/03/2025 13:02,Account,Virgin Exp 8284703 GD8D,,70,
07/03/2025 13:45,Account,Virgin Exp 8297532 F3Y7,,70,
07/03/2025 14:18,Account,Virgin EXP 8395902 8EE2,,62,
10/03/2025 12:25,Account,Virgin Exp E10133210 2PYF,,62,
10/03/2025 12:49,Account,Virgin Exp E10438645 XEWD,,62,
10/03/2025 12:53,Account,Virgin Exp E10420235 GMLB,,62,
10/03/2025 13:01,Account,Virgin Exp 8024999 2562,,62,
10/03/2025 13:02,Account,Virgin Exp E10372799 SELQ,,62,
10/03/2025 13:08,Account,Virgin Exp E9591879 X8QK,,62,
10/03/2025 13:18,Account,Virgin Exp E10495932 NE6A,,62,
10/03/2025 13:43,Account,Virgin Exp 8124506 ZYE6,,62,
10/03/2025 13:53,Account,Virgin Exp E10449029 M4KS,,62,
10/03/2025 14:15,Account,Virgin Exp M8194798 AN38,,62,
10/03/2025 14:16,Account,Virgin Exp E10624137 MUJR,,68,
10/03/2025 14:17,Account,Virgin Exp E9963716 TLY6,,62,
10/03/2025 14:28,Account,Virgin Exp E9363051 7UB8,,62,
10/03/2025 14:40,Account,Virgin Exp 8315023 UMPZ,,62,
10/03/2025 14:43,Account,Virgin Exp E10463415 3HAW,,62,
10/03/2025 14:54,Account,Virgin Exp E10239176 T7U4,,70,
10/03/2025 14:58,Account,Virgin Exp E10435812 ELYT,,62,
10/03/2025 14:59,Account,Virgin Exp 8284624 NZ24,,62,
10/03/2025 15:01,Account,Virgin Exp 8092551 4Z6J,,62,
10/03/2025 15:06,Account,Virgin Exp E10330071 EVPU,,70,
10/03/2025 15:10,Account,Virgin Exp 8494727 6SYU,,75,correct SN: M8494727
10/03/2025 15:16,Account,Virgin Exp E10499629 FUDX,,70,
10/03/2025 15:21,Account,Virgin Exp E9873042 MJWM,,62,
10/03/2025 15:22,Account,Virgin Exp E9983038 Q5AB,,70,
10/03/2025 15:28,Account,Virgin Exp E9669632 84SH,,62,
10/03/2025 16:50,Account,Virgin Exp  E10491965  UPXV,,75,
11/03/2025 13:24,Account,Virgin E10521036 xxtx,,62,
11/03/2025 13:26,Account,Virgin E10343932 AELN,,62,
11/03/2025 13:33,Account,Virgin E8400911 5Z6U,,62,
11/03/2025 13:51,Account,Virgin E8275342 A66J,,62,
11/03/2025 14:15,Account,Virgin E8275342 A66J,,62,
11/03/2025 15:13,Account,Virgin E10650736 JYEP,,62,
11/03/2025 15:58,Account,Virgin E10436088 YDPP,,70,
11/03/2025 16:31,Account,Virgin Exp E10436088 YDPP,,70,
12/03/2025 12:32,Account,Virgin Exp E9960372 HV4C,,62,
12/03/2025 12:40,Account,Virgin Exp E9771443 56JM,,62,
12/03/2025 12:43,Account,Virgin Exp E10264427 KTP6,,62,
12/03/2025 12:46,Account,Virgin Exp E10264428 TUSQ,,62,
12/03/2025 12:51,Account,Virgin Exp 8035529 77H9,,62,
12/03/2025 13:16,Account,Virgin Exp E9372682 7A64,,62,
12/03/2025 13:17,Account,Virgin Exp E10338877 QJ2S,,62,
12/03/2025 13:37,Account,Virgin Exp E9680650 LD6F,,62,
12/03/2025 13:46,Account,Virgin Exp E10626211 L786,,68,
12/03/2025 13:50,Account,E10621040  76JW,,62,
12/03/2025 14:05,Account,Virgin Exp E9609975 55B6,,62,
12/03/2025 14:06,Account,Virgin Exp M8252727 T9KY,,62,
12/03/2025 15:10,Account,Virgin Exp 8113284 L9CT,,62,
12/03/2025 15:13,Account,Virgin Exp E9797381 27F7,,62,
12/03/2025 15:14,Account,Virgin Exp 8290933 Z6DT,,62,
12/03/2025 15:15,Account,Virgin Exp 8389967 7655,,62,
12/03/2025 15:22,Account,Virgin Exp M8494816 68T7,,75,
12/03/2025 15:24,Account,Virgin Exp E RYLJ,,62,
12/03/2025 15:26,Account,Virgin Exp E9669420 N27E,,62,
12/03/2025 15:28,Account,Virgin Exp E9533090 QYQH,,62,
12/03/2025 15:32,Account,Virgin Exp E10432162 X4NV,,70,
13/03/2025 14:26,Account,Virgin Exp M8422655  VM8V,,62,
13/03/2025 15:13,Account,Virgin Exp E10571580 2YP8,,70,
14/03/2025 12:39,Account,Virgin Exp E10629941  V4VQ,,68,
14/03/2025 12:40,Account,Virgin Exp E9678644  T47W,,70,
14/03/2025 12:41,Account,Virgin Exp 8094019  6XVA,,70,
14/03/2025 13:40,Account,Virgin Exp E10475962  MEH6,,62,
14/03/2025 14:18,Account,Virgin Exp E10638805  5SUY,,68,
14/03/2025 14:22,Account,Virgin Exp 8425894  UQM5,,62,
14/03/2025 14:32,Account,Virgin Exp E40445520  AGTA,,70,
14/03/2025 15:34,Account,Virgin Exp M8513115  FX9T,,62,
14/03/2025 15:58,Account,Virgin Exp E10531882  XK2E,,75,
15/03/2025 15:36,Account,Virgin Exp E10634093 VHXX,,70,
15/03/2025 15:36,Account,Virgin Exp E10634095 EE2P,,70,
17/03/2025 12:43,Account,Virgin Exp E9620233 WYG3,,62,
17/03/2025 12:43,Account,Virgin Exp E10140485 EJP2,,62,
17/03/2025 12:44,Account,Virgin Exp E10315154 EP26,,62,
17/03/2025 12:45,Account,Virgin Exp E10351586 7KDE,,62,
17/03/2025 12:55,Account,Virgin Exp E10067050 FF5S,,62,
17/03/2025 13:13,Account,Virgin Exp 8147415 D44E,,62,
17/03/2025 13:14,Account,Virgin Exp E9429494 GGBR,,62,
17/03/2025 13:14,Account,Virgin Exp M8510352 UWN3,,62,
17/03/2025 13:30,Account,Virgin Exp E10335518 V68Y,,62,
17/03/2025 13:45,Account,Virgin Exp E10616249 BY6H,,62,
17/03/2025 13:46,Account,Virgin Exp 8429222 84CP,,62,
17/03/2025 13:47,Account,Virgin Exp E9592803 2E4N,,62,
17/03/2025 13:49,Account,Virgin Exp E10611091 SRB8,,62,
17/03/2025 13:49,Account,Virgin Exp E10232618 DFVJ,,62,
17/03/2025 13:50,Account,Virgin Exp E10232619  SMKJ,,62,
17/03/2025 13:51,Account,Virgin Exp E10353746 W62L,,62,
17/03/2025 14:12,Account,Virgin Exp E10594123 MQ7C,,68,
17/03/2025 14:22,Account,Virgin Exp E10559687 C8CJ,,75,
17/03/2025 14:24,Account,Virgin Exp E10645459 884Q,,75,
17/03/2025 14:34,Account,Virgin Exp E10385369 HEH8,,62,
17/03/2025 14:58,Account,Virgin Exp E9855928 S53D,,62,
17/03/2025 15:00,Account,Virgin Exp E9719090 V7TK,,70,
17/03/2025 15:14,Account,Virgin Exp E9483504 J7W6,,62,
17/03/2025 15:24,Account,Virgin Exp E10624210 H2F6,,62,
17/03/2025 16:08,Account,Virgin Exp E9436612 M63F,,62,
18/03/2025 12:40,Account,Virgin E8142033 47w7,,62,
18/03/2025 12:49,Account,Virgin E9592172 PMA5,,62,
18/03/2025 13:10,Account,Virgin E10001718 N7MQ,,62,
18/03/2025 13:12,Account,Virgin E10373314 5WJG,,62,
18/03/2025 13:14,Account,Virgin E10575612 5EPQ,,62,
18/03/2025 13:15,Account,Virgin E8383833 ET6W,,62,
18/03/2025 13:51,Account,Virgin E10187274 XMNG,,62,
18/03/2025 14:26,Account,Virgin M8395200 9FTG,,62,
18/03/2025 14:58,Account,Virgin E10538097 5q4d,,62,
18/03/2025 14:59,Account,Virgin E10343971 KJ5P,,62,
18/03/2025 15:01,Account,Virgin E10666174 4RFK,,62,
18/03/2025 15:29,Account,Virgin E10002239 THJF,,62,
18/03/2025 15:53,Account,Virgin E10452597 K6N5,,62,
